ID_CLIENTE,NOM_CLIENTE,ENDERECO,LATITUDE,LONGITUDE
100001,CUSTOMER 100001,Rua 100001,,
100002,CUSTOMER 100002,Rua 100002,,
100003,CUSTOMER 100003,Rua 100003,,
100004,CUSTOMER 100004,Rua 100004,,
100005,CUSTOMER 100005,Rua 100005,,
100006,CUSTOMER 100006,Rua 100006,,
100007,CUSTOMER 100007,Rua 100007,,
100008,CUSTOMER 100008,Rua 100008,,
100009,CUSTOMER 100009,Rua 100009,,
100010,CUSTOMER 100010,Rua 100010,,
100011,CUSTOMER 100011,Rua 100011,,
100012,CUSTOMER 100012,Rua 100012,,
100013,CUSTOMER 100013,Rua 100013,,
100014,CUSTOMER 100014,Rua 100014,,
100015,CUSTOMER 100015,Rua 100015,,
100016,CUSTOMER 100016,Rua 100016,,
100017,CUSTOMER 100017,Rua 100017,,
100018,CUSTOMER 100018,Rua 100018,,
100019,CUSTOMER 100019,Rua 100019,,
100020,CUSTOMER 100020,Rua 100020,,
100021,CUSTOMER 100021,Rua 100021,,
100022,CUSTOMER 100022,Rua 100022,,
100023,CUSTOMER 100023,Rua 100023,,
100024,CUSTOMER 100024,Rua 100024,,
100025,CUSTOMER 100025,Rua 100025,,
100026,CUSTOMER 100026,Rua 100026,,
100027,CUSTOMER 100027,Rua 100027,,
100028,CUSTOMER 100028,Rua 100028,,
100029,CUSTOMER 100029,Rua 100029,,
100030,CUSTOMER 100030,Rua 100030,,
100031,CUSTOMER 100031,Rua 100031,,
100032,CUSTOMER 100032,Rua 100032,,
100033,CUSTOMER 100033,Rua 100033,,
100034,CUSTOMER 100034,Rua 100034,,
100035,CUSTOMER 100035,Rua 100035,,
100036,CUSTOMER 100036,Rua 100036,,
100037,CUSTOMER 100037,Rua 100037,,
100038,CUSTOMER 100038,Rua 100038,,
100039,CUSTOMER 100039,Rua 100039,,
100040,CUSTOMER 100040,Rua 100040,,
100041,CUSTOMER 100041,Rua 100041,,
100042,CUSTOMER 100042,Rua 100042,,
100043,CUSTOMER 100043,Rua 100043,,
100044,CUSTOMER 100044,Rua 100044,,
100045,CUSTOMER 100045,Rua 100045,,
100046,CUSTOMER 100046,Rua 100046,,
100047,CUSTOMER 100047,Rua 100047,,
100048,CUSTOMER 100048,Rua 100048,,
100049,CUSTOMER 100049,Rua 100049,,
100050,CUSTOMER 100050,Rua 100050,,
100051,CUSTOMER 100051,Rua 100051,,
100052,CUSTOMER 100052,Rua 100052,,
100053,CUSTOMER 100053,Rua 100053,,
100054,CUSTOMER 100054,Rua 100054,,
100055,CUSTOMER 100055,Rua 100055,,
100056,CUSTOMER 100056,Rua 100056,,
100057,CUSTOMER 100057,Rua 100057,,
100058,CUSTOMER 100058,Rua 100058,,
100059,CUSTOMER 100059,Rua 100059,,
100060,CUSTOMER 100060,Rua 100060,,
100061,CUSTOMER 100061,Rua 100061,,
100062,CUSTOMER 100062,Rua 100062,,
100063,CUSTOMER 100063,Rua 100063,,
100064,CUSTOMER 100064,Rua 100064,,
100065,CUSTOMER 100065,Rua 100065,,
100066,CUSTOMER 100066,Rua 100066,,
100067,CUSTOMER 100067,Rua 100067,,
100068,CUSTOMER 100068,Rua 100068,,
100069,CUSTOMER 100069,Rua 100069,,
100070,CUSTOMER 100070,Rua 100070,,
100071,CUSTOMER 100071,Rua 100071,,
100072,CUSTOMER 100072,Rua 100072,,
100073,CUSTOMER 100073,Rua 100073,,
100074,CUSTOMER 100074,Rua 100074,,
100075,CUSTOMER 100075,Rua 100075,,
100076,CUSTOMER 100076,Rua 100076,,
100077,CUSTOMER 100077,Rua 100077,,
100078,CUSTOMER 100078,Rua 100078,,
100079,CUSTOMER 100079,Rua 100079,,
100080,CUSTOMER 100080,Rua 100080,,
100081,CUSTOMER 100081,Rua 100081,,
100082,CUSTOMER 100082,Rua 100082,,
100083,CUSTOMER 100083,Rua 100083,,
100084,CUSTOMER 100084,Rua 100084,,
100085,CUSTOMER 100085,Rua 100085,,
100086,CUSTOMER 100086,Rua 100086,,
100087,CUSTOMER 100087,Rua 100087,,
100088,CUSTOMER 100088,Rua 100088,,
100089,CUSTOMER 100089,Rua 100089,,
100090,CUSTOMER 100090,Rua 100090,,
100091,CUSTOMER 100091,Rua 100091,,
100092,CUSTOMER 100092,Rua 100092,,
100093,CUSTOMER 100093,Rua 100093,,
100094,CUSTOMER 100094,Rua 100094,,
100095,CUSTOMER 100095,Rua 100095,,
100096,CUSTOMER 100096,Rua 100096,,
100097,CUSTOMER 100097,Rua 100097,,
100098,CUSTOMER 100098,Rua 100098,,
100099,CUSTOMER 100099,Rua 100099,,
100100,CUSTOMER 100100,Rua 100100,,
100101,CUSTOMER 100101,Rua 100101,,
100102,CUSTOMER 100102,Rua 100102,,
100103,CUSTOMER 100103,Rua 100103,,
100104,CUSTOMER 100104,Rua 100104,,
100105,CUSTOMER 100105,Rua 100105,,
100106,CUSTOMER 100106,Rua 100106,,
100107,CUSTOMER 100107,Rua 100107,,
100108,CUSTOMER 100108,Rua 100108,,
100109,CUSTOMER 100109,Rua 100109,,
100110,CUSTOMER 100110,Rua 100110,,
100111,CUSTOMER 100111,Rua 100111,,
100112,CUSTOMER 100112,Rua 100112,,
100113,CUSTOMER 100113,Rua 100113,,
100114,CUSTOMER 100114,Rua 100114,,
100115,CUSTOMER 100115,Rua 100115,,
100116,CUSTOMER 100116,Rua 100116,,
100117,CUSTOMER 100117,Rua 100117,,
100118,CUSTOMER 100118,Rua 100118,,
100119,CUSTOMER 100119,Rua 100119,,
100120,CUSTOMER 100120,Rua 100120,,
100121,CUSTOMER 100121,Rua 100121,,
100122,CUSTOMER 100122,Rua 100122,,
100123,CUSTOMER 100123,Rua 100123,,
100124,CUSTOMER 100124,Rua 100124,,
100125,CUSTOMER 100125,Rua 100125,,
100126,CUSTOMER 100126,Rua 100126,,
100127,CUSTOMER 100127,Rua 100127,,
100128,CUSTOMER 100128,Rua 100128,,
100129,CUSTOMER 100129,Rua 100129,,
100130,CUSTOMER 100130,Rua 100130,,
100131,CUSTOMER 100131,Rua 100131,,
100132,CUSTOMER 100132,Rua 100132,,
100133,CUSTOMER 100133,Rua 100133,,
100134,CUSTOMER 100134,Rua 100134,,
100135,CUSTOMER 100135,Rua 100135,,
100136,CUSTOMER 100136,Rua 100136,,
100137,CUSTOMER 100137,Rua 100137,,
100138,CUSTOMER 100138,Rua 100138,,
100139,CUSTOMER 100139,Rua 100139,,
100140,CUSTOMER 100140,Rua 100140,,
100141,CUSTOMER 100141,Rua 100141,,
100142,CUSTOMER 100142,Rua 100142,,
100143,CUSTOMER 100143,Rua 100143,,
100144,CUSTOMER 100144,Rua 100144,,
100145,CUSTOMER 100145,Rua 100145,,
100146,CUSTOMER 100146,Rua 100146,,
100147,CUSTOMER 100147,Rua 100147,,
100148,CUSTOMER 100148,Rua 100148,,
100149,CUSTOMER 100149,Rua 100149,,
100150,CUSTOMER 100150,Rua 100150,,
100151,CUSTOMER 100151,Rua 100151,,
100152,CUSTOMER 100152,Rua 100152,,
100153,CUSTOMER 100153,Rua 100153,,
100154,CUSTOMER 100154,Rua 100154,,
100155,CUSTOMER 100155,Rua 100155,,
100156,CUSTOMER 100156,Rua 100156,,
100157,CUSTOMER 100157,Rua 100157,,
100158,CUSTOMER 100158,Rua 100158,,
100159,CUSTOMER 100159,Rua 100159,,
100160,CUSTOMER 100160,Rua 100160,,
100161,CUSTOMER 100161,Rua 100161,,
100162,CUSTOMER 100162,Rua 100162,,
100163,CUSTOMER 100163,Rua 100163,,
100164,CUSTOMER 100164,Rua 100164,,
100165,CUSTOMER 100165,Rua 100165,,
100166,CUSTOMER 100166,Rua 100166,,
100167,CUSTOMER 100167,Rua 100167,,
100168,CUSTOMER 100168,Rua 100168,,
100169,CUSTOMER 100169,Rua 100169,,
100170,CUSTOMER 100170,Rua 100170,,
100171,CUSTOMER 100171,Rua 100171,,
100172,CUSTOMER 100172,Rua 100172,,
100173,CUSTOMER 100173,Rua 100173,,
100174,CUSTOMER 100174,Rua 100174,,
100175,CUSTOMER 100175,Rua 100175,,
100176,CUSTOMER 100176,Rua 100176,,
100177,CUSTOMER 100177,Rua 100177,,
100178,CUSTOMER 100178,Rua 100178,,
100179,CUSTOMER 100179,Rua 100179,,
100180,CUSTOMER 100180,Rua 100180,,
100181,CUSTOMER 100181,Rua 100181,,
100182,CUSTOMER 100182,Rua 100182,,
100183,CUSTOMER 100183,Rua 100183,,
100184,CUSTOMER 100184,Rua 100184,,
100185,CUSTOMER 100185,Rua 100185,,
100186,CUSTOMER 100186,Rua 100186,,
100187,CUSTOMER 100187,Rua 100187,,
100188,CUSTOMER 100188,Rua 100188,,
100189,CUSTOMER 100189,Rua 100189,,
100190,CUSTOMER 100190,Rua 100190,,
100191,CUSTOMER 100191,Rua 100191,,
100192,CUSTOMER 100192,Rua 100192,,
100193,CUSTOMER 100193,Rua 100193,,
100194,CUSTOMER 100194,Rua 100194,,
100195,CUSTOMER 100195,Rua 100195,,
100196,CUSTOMER 100196,Rua 100196,,
100197,CUSTOMER 100197,Rua 100197,,
100198,CUSTOMER 100198,Rua 100198,,
100199,CUSTOMER 100199,Rua 100199,,
100200,CUSTOMER 100200,Rua 100200,,
100201,CUSTOMER 100201,Rua 100201,,
100202,CUSTOMER 100202,Rua 100202,,
100203,CUSTOMER 100203,Rua 100203,,
100204,CUSTOMER 100204,Rua 100204,,
100205,CUSTOMER 100205,Rua 100205,,
100206,CUSTOMER 100206,Rua 100206,,
100207,CUSTOMER 100207,Rua 100207,,
100208,CUSTOMER 100208,Rua 100208,,
100209,CUSTOMER 100209,Rua 100209,,
100210,CUSTOMER 100210,Rua 100210,,
100211,CUSTOMER 100211,Rua 100211,,
100212,CUSTOMER 100212,Rua 100212,,
100213,CUSTOMER 100213,Rua 100213,,
100214,CUSTOMER 100214,Rua 100214,,
100215,CUSTOMER 100215,Rua 100215,,
100216,CUSTOMER 100216,Rua 100216,,
100217,CUSTOMER 100217,Rua 100217,,
100218,CUSTOMER 100218,Rua 100218,,
100219,CUSTOMER 100219,Rua 100219,,
100220,CUSTOMER 100220,Rua 100220,,
100221,CUSTOMER 100221,Rua 100221,,
100222,CUSTOMER 100222,Rua 100222,,
100223,CUSTOMER 100223,Rua 100223,,
100224,CUSTOMER 100224,Rua 100224,,
100225,CUSTOMER 100225,Rua 100225,,
100226,CUSTOMER 100226,Rua 100226,,
100227,CUSTOMER 100227,Rua 100227,,
100228,CUSTOMER 100228,Rua 100228,,
100229,CUSTOMER 100229,Rua 100229,,
100230,CUSTOMER 100230,Rua 100230,,
100231,CUSTOMER 100231,Rua 100231,,
100232,CUSTOMER 100232,Rua 100232,,
100233,CUSTOMER 100233,Rua 100233,,
100234,CUSTOMER 100234,Rua 100234,,
100235,CUSTOMER 100235,Rua 100235,,
100236,CUSTOMER 100236,Rua 100236,,
100237,CUSTOMER 100237,Rua 100237,,
100238,CUSTOMER 100238,Rua 100238,,
100239,CUSTOMER 100239,Rua 100239,,
100240,CUSTOMER 100240,Rua 100240,,
100241,CUSTOMER 100241,Rua 100241,,
100242,CUSTOMER 100242,Rua 100242,,
100243,CUSTOMER 100243,Rua 100243,,
100244,CUSTOMER 100244,Rua 100244,,
100245,CUSTOMER 100245,Rua 100245,,
100246,CUSTOMER 100246,Rua 100246,,
100247,CUSTOMER 100247,Rua 100247,,
100248,CUSTOMER 100248,Rua 100248,,
100249,CUSTOMER 100249,Rua 100249,,
100250,CUSTOMER 100250,Rua 100250,,
100251,CUSTOMER 100251,Rua 100251,,
100252,CUSTOMER 100252,Rua 100252,,
100253,CUSTOMER 100253,Rua 100253,,
100254,CUSTOMER 100254,Rua 100254,,
100255,CUSTOMER 100255,Rua 100255,,
100256,CUSTOMER 100256,Rua 100256,,
100257,CUSTOMER 100257,Rua 100257,,
100258,CUSTOMER 100258,Rua 100258,,
100259,CUSTOMER 100259,Rua 100259,,
100260,CUSTOMER 100260,Rua 100260,,
100261,CUSTOMER 100261,Rua 100261,,
100262,CUSTOMER 100262,Rua 100262,,
100263,CUSTOMER 100263,Rua 100263,,
100264,CUSTOMER 100264,Rua 100264,,
100265,CUSTOMER 100265,Rua 100265,,
100266,CUSTOMER 100266,Rua 100266,,
100267,CUSTOMER 100267,Rua 100267,,
100268,CUSTOMER 100268,Rua 100268,,
100269,CUSTOMER 100269,Rua 100269,,
100270,CUSTOMER 100270,Rua 100270,,
100271,CUSTOMER 100271,Rua 100271,,
100272,CUSTOMER 100272,Rua 100272,,
100273,CUSTOMER 100273,Rua 100273,,
100274,CUSTOMER 100274,Rua 100274,,
100275,CUSTOMER 100275,Rua 100275,,
100276,CUSTOMER 100276,Rua 100276,,
100277,CUSTOMER 100277,Rua 100277,,
100278,CUSTOMER 100278,Rua 100278,,
100279,CUSTOMER 100279,Rua 100279,,
100280,CUSTOMER 100280,Rua 100280,,
100281,CUSTOMER 100281,Rua 100281,,
100282,CUSTOMER 100282,Rua 100282,,
100283,CUSTOMER 100283,Rua 100283,,
100284,CUSTOMER 100284,Rua 100284,,
100285,CUSTOMER 100285,Rua 100285,,
100286,CUSTOMER 100286,Rua 100286,,
100287,CUSTOMER 100287,Rua 100287,,
100288,CUSTOMER 100288,Rua 100288,,
100289,CUSTOMER 100289,Rua 100289,,
100290,CUSTOMER 100290,Rua 100290,,
100291,CUSTOMER 100291,Rua 100291,,
100292,CUSTOMER 100292,Rua 100292,,
100293,CUSTOMER 100293,Rua 100293,,
100294,CUSTOMER 100294,Rua 100294,,
100295,CUSTOMER 100295,Rua 100295,,
100296,CUSTOMER 100296,Rua 100296,,
100297,CUSTOMER 100297,Rua 100297,,
100298,CUSTOMER 100298,Rua 100298,,
100299,CUSTOMER 100299,Rua 100299,,
100300,CUSTOMER 100300,Rua 100300,,
100301,CUSTOMER 100301,Rua 100301,,
100302,CUSTOMER 100302,Rua 100302,,
100303,CUSTOMER 100303,Rua 100303,,
100304,CUSTOMER 100304,Rua 100304,,
100305,CUSTOMER 100305,Rua 100305,,
100306,CUSTOMER 100306,Rua 100306,,
100307,CUSTOMER 100307,Rua 100307,,
100308,CUSTOMER 100308,Rua 100308,,
100309,CUSTOMER 100309,Rua 100309,,
100310,CUSTOMER 100310,Rua 100310,,
100311,CUSTOMER 100311,Rua 100311,,
100312,CUSTOMER 100312,Rua 100312,,
100313,CUSTOMER 100313,Rua 100313,,
100314,CUSTOMER 100314,Rua 100314,,
100315,CUSTOMER 100315,Rua 100315,,
100316,CUSTOMER 100316,Rua 100316,,
100317,CUSTOMER 100317,Rua 100317,,
100318,CUSTOMER 100318,Rua 100318,,
100319,CUSTOMER 100319,Rua 100319,,
100320,CUSTOMER 100320,Rua 100320,,
100321,CUSTOMER 100321,Rua 100321,,
100322,CUSTOMER 100322,Rua 100322,,
100323,CUSTOMER 100323,Rua 100323,,
100324,CUSTOMER 100324,Rua 100324,,
100325,CUSTOMER 100325,Rua 100325,,
100326,CUSTOMER 100326,Rua 100326,,
100327,CUSTOMER 100327,Rua 100327,,
100328,CUSTOMER 100328,Rua 100328,,
100329,CUSTOMER 100329,Rua 100329,,
100330,CUSTOMER 100330,Rua 100330,,
100331,CUSTOMER 100331,Rua 100331,,
100332,CUSTOMER 100332,Rua 100332,,
100333,CUSTOMER 100333,Rua 100333,,
100334,CUSTOMER 100334,Rua 100334,,
100335,CUSTOMER 100335,Rua 100335,,
100336,CUSTOMER 100336,Rua 100336,,
100337,CUSTOMER 100337,Rua 100337,,
100338,CUSTOMER 100338,Rua 100338,,
100339,CUSTOMER 100339,Rua 100339,,
100340,CUSTOMER 100340,Rua 100340,,
100341,CUSTOMER 100341,Rua 100341,,
100342,CUSTOMER 100342,Rua 100342,,
100343,CUSTOMER 100343,Rua 100343,,
100344,CUSTOMER 100344,Rua 100344,,
100345,CUSTOMER 100345,Rua 100345,,
100346,CUSTOMER 100346,Rua 100346,,
100347,CUSTOMER 100347,Rua 100347,,
100348,CUSTOMER 100348,Rua 100348,,
100349,CUSTOMER 100349,Rua 100349,,
100350,CUSTOMER 100350,Rua 100350,,
100351,CUSTOMER 100351,Rua 100351,,
100352,CUSTOMER 100352,Rua 100352,,
100353,CUSTOMER 100353,Rua 100353,,
100354,CUSTOMER 100354,Rua 100354,,
100355,CUSTOMER 100355,Rua 100355,,
100356,CUSTOMER 100356,Rua 100356,,
100357,CUSTOMER 100357,Rua 100357,,
100358,CUSTOMER 100358,Rua 100358,,
100359,CUSTOMER 100359,Rua 100359,,
100360,CUSTOMER 100360,Rua 100360,,
100361,CUSTOMER 100361,Rua 100361,,
100362,CUSTOMER 100362,Rua 100362,,
100363,CUSTOMER 100363,Rua 100363,,
100364,CUSTOMER 100364,Rua 100364,,
100365,CUSTOMER 100365,Rua 100365,,
100366,CUSTOMER 100366,Rua 100366,,
100367,CUSTOMER 100367,Rua 100367,,
100368,CUSTOMER 100368,Rua 100368,,
100369,CUSTOMER 100369,Rua 100369,,
100370,CUSTOMER 100370,Rua 100370,,
100371,CUSTOMER 100371,Rua 100371,,
100372,CUSTOMER 100372,Rua 100372,,
100373,CUSTOMER 100373,Rua 100373,,
100374,CUSTOMER 100374,Rua 100374,,
100375,CUSTOMER 100375,Rua 100375,,
100376,CUSTOMER 100376,Rua 100376,,
100377,CUSTOMER 100377,Rua 100377,,
100378,CUSTOMER 100378,Rua 100378,,
100379,CUSTOMER 100379,Rua 100379,,
100380,CUSTOMER 100380,Rua 100380,,
100381,CUSTOMER 100381,Rua 100381,,
100382,CUSTOMER 100382,Rua 100382,,
100383,CUSTOMER 100383,Rua 100383,,
100384,CUSTOMER 100384,Rua 100384,,
100385,CUSTOMER 100385,Rua 100385,,
100386,CUSTOMER 100386,Rua 100386,,
100387,CUSTOMER 100387,Rua 100387,,
100388,CUSTOMER 100388,Rua 100388,,
100389,CUSTOMER 100389,Rua 100389,,
100390,CUSTOMER 100390,Rua 100390,,
100391,CUSTOMER 100391,Rua 100391,,
100392,CUSTOMER 100392,Rua 100392,,
100393,CUSTOMER 100393,Rua 100393,,
100394,CUSTOMER 100394,Rua 100394,,
100395,CUSTOMER 100395,Rua 100395,,
100396,CUSTOMER 100396,Rua 100396,,
100397,CUSTOMER 100397,Rua 100397,,
100398,CUSTOMER 100398,Rua 100398,,
100399,CUSTOMER 100399,Rua 100399,,
100400,CUSTOMER 100400,Rua 100400,,
100401,CUSTOMER 100401,Rua 100401,,
100402,CUSTOMER 100402,Rua 100402,,
100403,CUSTOMER 100403,Rua 100403,,
100404,CUSTOMER 100404,Rua 100404,,
100405,CUSTOMER 100405,Rua 100405,,
100406,CUSTOMER 100406,Rua 100406,,
100407,CUSTOMER 100407,Rua 100407,,
100408,CUSTOMER 100408,Rua 100408,,
100409,CUSTOMER 100409,Rua 100409,,
100410,CUSTOMER 100410,Rua 100410,,
100411,CUSTOMER 100411,Rua 100411,,
100412,CUSTOMER 100412,Rua 100412,,
100413,CUSTOMER 100413,Rua 100413,,
100414,CUSTOMER 100414,Rua 100414,,
100415,CUSTOMER 100415,Rua 100415,,
100416,CUSTOMER 100416,Rua 100416,,
100417,CUSTOMER 100417,Rua 100417,,
100418,CUSTOMER 100418,Rua 100418,,
100419,CUSTOMER 100419,Rua 100419,,
100420,CUSTOMER 100420,Rua 100420,,
100421,CUSTOMER 100421,Rua 100421,,
100422,CUSTOMER 100422,Rua 100422,,
100423,CUSTOMER 100423,Rua 100423,,
100424,CUSTOMER 100424,Rua 100424,,
100425,CUSTOMER 100425,Rua 100425,,
100426,CUSTOMER 100426,Rua 100426,,
100427,CUSTOMER 100427,Rua 100427,,
100428,CUSTOMER 100428,Rua 100428,,
100429,CUSTOMER 100429,Rua 100429,,
100430,CUSTOMER 100430,Rua 100430,,
100431,CUSTOMER 100431,Rua 100431,,
100432,CUSTOMER 100432,Rua 100432,,
100433,CUSTOMER 100433,Rua 100433,,
100434,CUSTOMER 100434,Rua 100434,,
100435,CUSTOMER 100435,Rua 100435,,
100436,CUSTOMER 100436,Rua 100436,,
100437,CUSTOMER 100437,Rua 100437,,
100438,CUSTOMER 100438,Rua 100438,,
100439,CUSTOMER 100439,Rua 100439,,
100440,CUSTOMER 100440,Rua 100440,,
100441,CUSTOMER 100441,Rua 100441,,
100442,CUSTOMER 100442,Rua 100442,,
100443,CUSTOMER 100443,Rua 100443,,
100444,CUSTOMER 100444,Rua 100444,,
100445,CUSTOMER 100445,Rua 100445,,
100446,CUSTOMER 100446,Rua 100446,,
100447,CUSTOMER 100447,Rua 100447,,
100448,CUSTOMER 100448,Rua 100448,,
100449,CUSTOMER 100449,Rua 100449,,
100450,CUSTOMER 100450,Rua 100450,,
100451,CUSTOMER 100451,Rua 100451,,
100452,CUSTOMER 100452,Rua 100452,,
100453,CUSTOMER 100453,Rua 100453,,
100454,CUSTOMER 100454,Rua 100454,,
100455,CUSTOMER 100455,Rua 100455,,
100456,CUSTOMER 100456,Rua 100456,,
100457,CUSTOMER 100457,Rua 100457,,
100458,CUSTOMER 100458,Rua 100458,,
100459,CUSTOMER 100459,Rua 100459,,
100460,CUSTOMER 100460,Rua 100460,,
100461,CUSTOMER 100461,Rua 100461,,
100462,CUSTOMER 100462,Rua 100462,,
100463,CUSTOMER 100463,Rua 100463,,
100464,CUSTOMER 100464,Rua 100464,,
100465,CUSTOMER 100465,Rua 100465,,
100466,CUSTOMER 100466,Rua 100466,,
100467,CUSTOMER 100467,Rua 100467,,
100468,CUSTOMER 100468,Rua 100468,,
100469,CUSTOMER 100469,Rua 100469,,
100470,CUSTOMER 100470,Rua 100470,,
100471,CUSTOMER 100471,Rua 100471,,
100472,CUSTOMER 100472,Rua 100472,,
100473,CUSTOMER 100473,Rua 100473,,
100474,CUSTOMER 100474,Rua 100474,,
100475,CUSTOMER 100475,Rua 100475,,
100476,CUSTOMER 100476,Rua 100476,,
100477,CUSTOMER 100477,Rua 100477,,
100478,CUSTOMER 100478,Rua 100478,,
100479,CUSTOMER 100479,Rua 100479,,
100480,CUSTOMER 100480,Rua 100480,,
100481,CUSTOMER 100481,Rua 100481,,
100482,CUSTOMER 100482,Rua 100482,,
100483,CUSTOMER 100483,Rua 100483,,
100484,CUSTOMER 100484,Rua 100484,,
100485,CUSTOMER 100485,Rua 100485,,
100486,CUSTOMER 100486,Rua 100486,,
100487,CUSTOMER 100487,Rua 100487,,
100488,CUSTOMER 100488,Rua 100488,,
100489,CUSTOMER 100489,Rua 100489,,
100490,CUSTOMER 100490,Rua 100490,,
100491,CUSTOMER 100491,Rua 100491,,
100492,CUSTOMER 100492,Rua 100492,,
100493,CUSTOMER 100493,Rua 100493,,
100494,CUSTOMER 100494,Rua 100494,,
100495,CUSTOMER 100495,Rua 100495,,
100496,CUSTOMER 100496,Rua 100496,,
100497,CUSTOMER 100497,Rua 100497,,
100498,CUSTOMER 100498,Rua 100498,,
100499,CUSTOMER 100499,Rua 100499,,
100500,CUSTOMER 100500,Rua 100500,,
100501,CUSTOMER 100501,Rua 100501,,
100502,CUSTOMER 100502,Rua 100502,,
100503,CUSTOMER 100503,Rua 100503,,
100504,CUSTOMER 100504,Rua 100504,,
100505,CUSTOMER 100505,Rua 100505,,
100506,CUSTOMER 100506,Rua 100506,,
100507,CUSTOMER 100507,Rua 100507,,
100508,CUSTOMER 100508,Rua 100508,,
100509,CUSTOMER 100509,Rua 100509,,
100510,CUSTOMER 100510,Rua 100510,,
100511,CUSTOMER 100511,Rua 100511,,
100512,CUSTOMER 100512,Rua 100512,,
100513,CUSTOMER 100513,Rua 100513,,
100514,CUSTOMER 100514,Rua 100514,,
100515,CUSTOMER 100515,Rua 100515,,
100516,CUSTOMER 100516,Rua 100516,,
100517,CUSTOMER 100517,Rua 100517,,
100518,CUSTOMER 100518,Rua 100518,,
100519,CUSTOMER 100519,Rua 100519,,
100520,CUSTOMER 100520,Rua 100520,,
100521,CUSTOMER 100521,Rua 100521,,
100522,CUSTOMER 100522,Rua 100522,,
100523,CUSTOMER 100523,Rua 100523,,
100524,CUSTOMER 100524,Rua 100524,,
100525,CUSTOMER 100525,Rua 100525,,
100526,CUSTOMER 100526,Rua 100526,,
100527,CUSTOMER 100527,Rua 100527,,
100528,CUSTOMER 100528,Rua 100528,,
100529,CUSTOMER 100529,Rua 100529,,
100530,CUSTOMER 100530,Rua 100530,,
100531,CUSTOMER 100531,Rua 100531,,
100532,CUSTOMER 100532,Rua 100532,,
100533,CUSTOMER 100533,Rua 100533,,
100534,CUSTOMER 100534,Rua 100534,,
100535,CUSTOMER 100535,Rua 100535,,
100536,CUSTOMER 100536,Rua 100536,,
100537,CUSTOMER 100537,Rua 100537,,
100538,CUSTOMER 100538,Rua 100538,,
100539,CUSTOMER 100539,Rua 100539,,
100540,CUSTOMER 100540,Rua 100540,,
100541,CUSTOMER 100541,Rua 100541,,
100542,CUSTOMER 100542,Rua 100542,,
100543,CUSTOMER 100543,Rua 100543,,
100544,CUSTOMER 100544,Rua 100544,,
100545,CUSTOMER 100545,Rua 100545,,
100546,CUSTOMER 100546,Rua 100546,,
100547,CUSTOMER 100547,Rua 100547,,
100548,CUSTOMER 100548,Rua 100548,,
100549,CUSTOMER 100549,Rua 100549,,
100550,CUSTOMER 100550,Rua 100550,,
100551,CUSTOMER 100551,Rua 100551,,
100552,CUSTOMER 100552,Rua 100552,,
100553,CUSTOMER 100553,Rua 100553,,
100554,CUSTOMER 100554,Rua 100554,,
100555,CUSTOMER 100555,Rua 100555,,
100556,CUSTOMER 100556,Rua 100556,,
100557,CUSTOMER 100557,Rua 100557,,
100558,CUSTOMER 100558,Rua 100558,,
100559,CUSTOMER 100559,Rua 100559,,
100560,CUSTOMER 100560,Rua 100560,,
100561,CUSTOMER 100561,Rua 100561,,
100562,CUSTOMER 100562,Rua 100562,,
100563,CUSTOMER 100563,Rua 100563,,
100564,CUSTOMER 100564,Rua 100564,,
100565,CUSTOMER 100565,Rua 100565,,
100566,CUSTOMER 100566,Rua 100566,,
100567,CUSTOMER 100567,Rua 100567,,
100568,CUSTOMER 100568,Rua 100568,,
100569,CUSTOMER 100569,Rua 100569,,
100570,CUSTOMER 100570,Rua 100570,,
100571,CUSTOMER 100571,Rua 100571,,
100572,CUSTOMER 100572,Rua 100572,,
100573,CUSTOMER 100573,Rua 100573,,
100574,CUSTOMER 100574,Rua 100574,,
100575,CUSTOMER 100575,Rua 100575,,
100576,CUSTOMER 100576,Rua 100576,,
100577,CUSTOMER 100577,Rua 100577,,
100578,CUSTOMER 100578,Rua 100578,,
100579,CUSTOMER 100579,Rua 100579,,
100580,CUSTOMER 100580,Rua 100580,,
100581,CUSTOMER 100581,Rua 100581,,
100582,CUSTOMER 100582,Rua 100582,,
100583,CUSTOMER 100583,Rua 100583,,
100584,CUSTOMER 100584,Rua 100584,,
100585,CUSTOMER 100585,Rua 100585,,
100586,CUSTOMER 100586,Rua 100586,,
100587,CUSTOMER 100587,Rua 100587,,
100588,CUSTOMER 100588,Rua 100588,,
100589,CUSTOMER 100589,Rua 100589,,
100590,CUSTOMER 100590,Rua 100590,,
100591,CUSTOMER 100591,Rua 100591,,
100592,CUSTOMER 100592,Rua 100592,,
100593,CUSTOMER 100593,Rua 100593,,
100594,CUSTOMER 100594,Rua 100594,,
100595,CUSTOMER 100595,Rua 100595,,
100596,CUSTOMER 100596,Rua 100596,,
100597,CUSTOMER 100597,Rua 100597,,
100598,CUSTOMER 100598,Rua 100598,,
100599,CUSTOMER 100599,Rua 100599,,
100600,CUSTOMER 100600,Rua 100600,,
100601,CUSTOMER 100601,Rua 100601,,
100602,CUSTOMER 100602,Rua 100602,,
100603,CUSTOMER 100603,Rua 100603,,
100604,CUSTOMER 100604,Rua 100604,,
100605,CUSTOMER 100605,Rua 100605,,
100606,CUSTOMER 100606,Rua 100606,,
100607,CUSTOMER 100607,Rua 100607,,
100608,CUSTOMER 100608,Rua 100608,,
100609,CUSTOMER 100609,Rua 100609,,
100610,CUSTOMER 100610,Rua 100610,,
100611,CUSTOMER 100611,Rua 100611,,
100612,CUSTOMER 100612,Rua 100612,,
100613,CUSTOMER 100613,Rua 100613,,
100614,CUSTOMER 100614,Rua 100614,,
100615,CUSTOMER 100615,Rua 100615,,
100616,CUSTOMER 100616,Rua 100616,,
100617,CUSTOMER 100617,Rua 100617,,
100618,CUSTOMER 100618,Rua 100618,,
100619,CUSTOMER 100619,Rua 100619,,
100620,CUSTOMER 100620,Rua 100620,,
100621,CUSTOMER 100621,Rua 100621,,
100622,CUSTOMER 100622,Rua 100622,,
100623,CUSTOMER 100623,Rua 100623,,
100624,CUSTOMER 100624,Rua 100624,,
100625,CUSTOMER 100625,Rua 100625,,
100626,CUSTOMER 100626,Rua 100626,,
100627,CUSTOMER 100627,Rua 100627,,
100628,CUSTOMER 100628,Rua 100628,,
100629,CUSTOMER 100629,Rua 100629,,
100630,CUSTOMER 100630,Rua 100630,,
100631,CUSTOMER 100631,Rua 100631,,
100632,CUSTOMER 100632,Rua 100632,,
100633,CUSTOMER 100633,Rua 100633,,
100634,CUSTOMER 100634,Rua 100634,,
100635,CUSTOMER 100635,Rua 100635,,
100636,CUSTOMER 100636,Rua 100636,,
100637,CUSTOMER 100637,Rua 100637,,
100638,CUSTOMER 100638,Rua 100638,,
100639,CUSTOMER 100639,Rua 100639,,
100640,CUSTOMER 100640,Rua 100640,,
100641,CUSTOMER 100641,Rua 100641,,
100642,CUSTOMER 100642,Rua 100642,,
100643,CUSTOMER 100643,Rua 100643,,
100644,CUSTOMER 100644,Rua 100644,,
100645,CUSTOMER 100645,Rua 100645,,
100646,CUSTOMER 100646,Rua 100646,,
100647,CUSTOMER 100647,Rua 100647,,
100648,CUSTOMER 100648,Rua 100648,,
100649,CUSTOMER 100649,Rua 100649,,
100650,CUSTOMER 100650,Rua 100650,,
100651,CUSTOMER 100651,Rua 100651,,
100652,CUSTOMER 100652,Rua 100652,,
100653,CUSTOMER 100653,Rua 100653,,
100654,CUSTOMER 100654,Rua 100654,,
100655,CUSTOMER 100655,Rua 100655,,
100656,CUSTOMER 100656,Rua 100656,,
100657,CUSTOMER 100657,Rua 100657,,
100658,CUSTOMER 100658,Rua 100658,,
100659,CUSTOMER 100659,Rua 100659,,
100660,CUSTOMER 100660,Rua 100660,,
100661,CUSTOMER 100661,Rua 100661,,
100662,CUSTOMER 100662,Rua 100662,,
100663,CUSTOMER 100663,Rua 100663,,
100664,CUSTOMER 100664,Rua 100664,,
100665,CUSTOMER 100665,Rua 100665,,
100666,CUSTOMER 100666,Rua 100666,,
100667,CUSTOMER 100667,Rua 100667,,
100668,CUSTOMER 100668,Rua 100668,,
100669,CUSTOMER 100669,Rua 100669,,
100670,CUSTOMER 100670,Rua 100670,,
100671,CUSTOMER 100671,Rua 100671,,
100672,CUSTOMER 100672,Rua 100672,,
100673,CUSTOMER 100673,Rua 100673,,
100674,CUSTOMER 100674,Rua 100674,,
100675,CUSTOMER 100675,Rua 100675,,
100676,CUSTOMER 100676,Rua 100676,,
100677,CUSTOMER 100677,Rua 100677,,
100678,CUSTOMER 100678,Rua 100678,,
100679,CUSTOMER 100679,Rua 100679,,
100680,CUSTOMER 100680,Rua 100680,,
100681,CUSTOMER 100681,Rua 100681,,
100682,CUSTOMER 100682,Rua 100682,,
100683,CUSTOMER 100683,Rua 100683,,
100684,CUSTOMER 100684,Rua 100684,,
100685,CUSTOMER 100685,Rua 100685,,
100686,CUSTOMER 100686,Rua 100686,,
100687,CUSTOMER 100687,Rua 100687,,
100688,CUSTOMER 100688,Rua 100688,,
100689,CUSTOMER 100689,Rua 100689,,
100690,CUSTOMER 100690,Rua 100690,,
100691,CUSTOMER 100691,Rua 100691,,
100692,CUSTOMER 100692,Rua 100692,,
100693,CUSTOMER 100693,Rua 100693,,
100694,CUSTOMER 100694,Rua 100694,,
100695,CUSTOMER 100695,Rua 100695,,
100696,CUSTOMER 100696,Rua 100696,,
100697,CUSTOMER 100697,Rua 100697,,
100698,CUSTOMER 100698,Rua 100698,,
100699,CUSTOMER 100699,Rua 100699,,
100700,CUSTOMER 100700,Rua 100700,,
100701,CUSTOMER 100701,Rua 100701,,
100702,CUSTOMER 100702,Rua 100702,,
100703,CUSTOMER 100703,Rua 100703,,
100704,CUSTOMER 100704,Rua 100704,,
100705,CUSTOMER 100705,Rua 100705,,
100706,CUSTOMER 100706,Rua 100706,,
100707,CUSTOMER 100707,Rua 100707,,
100708,CUSTOMER 100708,Rua 100708,,
100709,CUSTOMER 100709,Rua 100709,,
100710,CUSTOMER 100710,Rua 100710,,
100711,CUSTOMER 100711,Rua 100711,,
100712,CUSTOMER 100712,Rua 100712,,
100713,CUSTOMER 100713,Rua 100713,,
100714,CUSTOMER 100714,Rua 100714,,
100715,CUSTOMER 100715,Rua 100715,,
100716,CUSTOMER 100716,Rua 100716,,
100717,CUSTOMER 100717,Rua 100717,,
100718,CUSTOMER 100718,Rua 100718,,
100719,CUSTOMER 100719,Rua 100719,,
100720,CUSTOMER 100720,Rua 100720,,
100721,CUSTOMER 100721,Rua 100721,,
100722,CUSTOMER 100722,Rua 100722,,
100723,CUSTOMER 100723,Rua 100723,,
100724,CUSTOMER 100724,Rua 100724,,
100725,CUSTOMER 100725,Rua 100725,,
100726,CUSTOMER 100726,Rua 100726,,
100727,CUSTOMER 100727,Rua 100727,,
100728,CUSTOMER 100728,Rua 100728,,
100729,CUSTOMER 100729,Rua 100729,,
100730,CUSTOMER 100730,Rua 100730,,
100731,CUSTOMER 100731,Rua 100731,,
100732,CUSTOMER 100732,Rua 100732,,
100733,CUSTOMER 100733,Rua 100733,,
100734,CUSTOMER 100734,Rua 100734,,
100735,CUSTOMER 100735,Rua 100735,,
100736,CUSTOMER 100736,Rua 100736,,
100737,CUSTOMER 100737,Rua 100737,,
100738,CUSTOMER 100738,Rua 100738,,
100739,CUSTOMER 100739,Rua 100739,,
100740,CUSTOMER 100740,Rua 100740,,
100741,CUSTOMER 100741,Rua 100741,,
100742,CUSTOMER 100742,Rua 100742,,
100743,CUSTOMER 100743,Rua 100743,,
100744,CUSTOMER 100744,Rua 100744,,
100745,CUSTOMER 100745,Rua 100745,,
100746,CUSTOMER 100746,Rua 100746,,
100747,CUSTOMER 100747,Rua 100747,,
100748,CUSTOMER 100748,Rua 100748,,
100749,CUSTOMER 100749,Rua 100749,,
100750,CUSTOMER 100750,Rua 100750,,
100751,CUSTOMER 100751,Rua 100751,,
100752,CUSTOMER 100752,Rua 100752,,
100753,CUSTOMER 100753,Rua 100753,,
100754,CUSTOMER 100754,Rua 100754,,
100755,CUSTOMER 100755,Rua 100755,,
100756,CUSTOMER 100756,Rua 100756,,
100757,CUSTOMER 100757,Rua 100757,,
100758,CUSTOMER 100758,Rua 100758,,
100759,CUSTOMER 100759,Rua 100759,,
100760,CUSTOMER 100760,Rua 100760,,
100761,CUSTOMER 100761,Rua 100761,,
100762,CUSTOMER 100762,Rua 100762,,
100763,CUSTOMER 100763,Rua 100763,,
100764,CUSTOMER 100764,Rua 100764,,
100765,CUSTOMER 100765,Rua 100765,,
100766,CUSTOMER 100766,Rua 100766,,
100767,CUSTOMER 100767,Rua 100767,,
100768,CUSTOMER 100768,Rua 100768,,
100769,CUSTOMER 100769,Rua 100769,,
100770,CUSTOMER 100770,Rua 100770,,
100771,CUSTOMER 100771,Rua 100771,,
100772,CUSTOMER 100772,Rua 100772,,
100773,CUSTOMER 100773,Rua 100773,,
100774,CUSTOMER 100774,Rua 100774,,
100775,CUSTOMER 100775,Rua 100775,,
100776,CUSTOMER 100776,Rua 100776,,
100777,CUSTOMER 100777,Rua 100777,,
100778,CUSTOMER 100778,Rua 100778,,
100779,CUSTOMER 100779,Rua 100779,,
100780,CUSTOMER 100780,Rua 100780,,
100781,CUSTOMER 100781,Rua 100781,,
100782,CUSTOMER 100782,Rua 100782,,
100783,CUSTOMER 100783,Rua 100783,,
100784,CUSTOMER 100784,Rua 100784,,
100785,CUSTOMER 100785,Rua 100785,,
100786,CUSTOMER 100786,Rua 100786,,
100787,CUSTOMER 100787,Rua 100787,,
100788,CUSTOMER 100788,Rua 100788,,
100789,CUSTOMER 100789,Rua 100789,,
100790,CUSTOMER 100790,Rua 100790,,
100791,CUSTOMER 100791,Rua 100791,,
100792,CUSTOMER 100792,Rua 100792,,
100793,CUSTOMER 100793,Rua 100793,,
100794,CUSTOMER 100794,Rua 100794,,
100795,CUSTOMER 100795,Rua 100795,,
100796,CUSTOMER 100796,Rua 100796,,
100797,CUSTOMER 100797,Rua 100797,,
100798,CUSTOMER 100798,Rua 100798,,
100799,CUSTOMER 100799,Rua 100799,,
100800,CUSTOMER 100800,Rua 100800,,
100801,CUSTOMER 100801,Rua 100801,,
100802,CUSTOMER 100802,Rua 100802,,
100803,CUSTOMER 100803,Rua 100803,,
100804,CUSTOMER 100804,Rua 100804,,
100805,CUSTOMER 100805,Rua 100805,,
100806,CUSTOMER 100806,Rua 100806,,
100807,CUSTOMER 100807,Rua 100807,,
100808,CUSTOMER 100808,Rua 100808,,
100809,CUSTOMER 100809,Rua 100809,,
100810,CUSTOMER 100810,Rua 100810,,
100811,CUSTOMER 100811,Rua 100811,,
100812,CUSTOMER 100812,Rua 100812,,
100813,CUSTOMER 100813,Rua 100813,,
100814,CUSTOMER 100814,Rua 100814,,
100815,CUSTOMER 100815,Rua 100815,,
100816,CUSTOMER 100816,Rua 100816,,
100817,CUSTOMER 100817,Rua 100817,,
100818,CUSTOMER 100818,Rua 100818,,
100819,CUSTOMER 100819,Rua 100819,,
100820,CUSTOMER 100820,Rua 100820,,
100821,CUSTOMER 100821,Rua 100821,,
100822,CUSTOMER 100822,Rua 100822,,
100823,CUSTOMER 100823,Rua 100823,,
100824,CUSTOMER 100824,Rua 100824,,
100825,CUSTOMER 100825,Rua 100825,,
100826,CUSTOMER 100826,Rua 100826,,
100827,CUSTOMER 100827,Rua 100827,,
100828,CUSTOMER 100828,Rua 100828,,
100829,CUSTOMER 100829,Rua 100829,,
100830,CUSTOMER 100830,Rua 100830,,
100831,CUSTOMER 100831,Rua 100831,,
100832,CUSTOMER 100832,Rua 100832,,
100833,CUSTOMER 100833,Rua 100833,,
100834,CUSTOMER 100834,Rua 100834,,
100835,CUSTOMER 100835,Rua 100835,,
100836,CUSTOMER 100836,Rua 100836,,
100837,CUSTOMER 100837,Rua 100837,,
100838,CUSTOMER 100838,Rua 100838,,
100839,CUSTOMER 100839,Rua 100839,,
100840,CUSTOMER 100840,Rua 100840,,
100841,CUSTOMER 100841,Rua 100841,,
100842,CUSTOMER 100842,Rua 100842,,
100843,CUSTOMER 100843,Rua 100843,,
100844,CUSTOMER 100844,Rua 100844,,
100845,CUSTOMER 100845,Rua 100845,,
100846,CUSTOMER 100846,Rua 100846,,
100847,CUSTOMER 100847,Rua 100847,,
100848,CUSTOMER 100848,Rua 100848,,
100849,CUSTOMER 100849,Rua 100849,,
100850,CUSTOMER 100850,Rua 100850,,
100851,CUSTOMER 100851,Rua 100851,,
100852,CUSTOMER 100852,Rua 100852,,
100853,CUSTOMER 100853,Rua 100853,,
100854,CUSTOMER 100854,Rua 100854,,
100855,CUSTOMER 100855,Rua 100855,,
100856,CUSTOMER 100856,Rua 100856,,
100857,CUSTOMER 100857,Rua 100857,,
100858,CUSTOMER 100858,Rua 100858,,
100859,CUSTOMER 100859,Rua 100859,,
100860,CUSTOMER 100860,Rua 100860,,
100861,CUSTOMER 100861,Rua 100861,,
100862,CUSTOMER 100862,Rua 100862,,
100863,CUSTOMER 100863,Rua 100863,,
100864,CUSTOMER 100864,Rua 100864,,
100865,CUSTOMER 100865,Rua 100865,,
100866,CUSTOMER 100866,Rua 100866,,
100867,CUSTOMER 100867,Rua 100867,,
100868,CUSTOMER 100868,Rua 100868,,
100869,CUSTOMER 100869,Rua 100869,,
100870,CUSTOMER 100870,Rua 100870,,
100871,CUSTOMER 100871,Rua 100871,,
100872,CUSTOMER 100872,Rua 100872,,
100873,CUSTOMER 100873,Rua 100873,,
100874,CUSTOMER 100874,Rua 100874,,
100875,CUSTOMER 100875,Rua 100875,,
100876,CUSTOMER 100876,Rua 100876,,
100877,CUSTOMER 100877,Rua 100877,,
100878,CUSTOMER 100878,Rua 100878,,
100879,CUSTOMER 100879,Rua 100879,,
100880,CUSTOMER 100880,Rua 100880,,
100881,CUSTOMER 100881,Rua 100881,,
100882,CUSTOMER 100882,Rua 100882,,
100883,CUSTOMER 100883,Rua 100883,,
100884,CUSTOMER 100884,Rua 100884,,
100885,CUSTOMER 100885,Rua 100885,,
100886,CUSTOMER 100886,Rua 100886,,
100887,CUSTOMER 100887,Rua 100887,,
100888,CUSTOMER 100888,Rua 100888,,
100889,CUSTOMER 100889,Rua 100889,,
100890,CUSTOMER 100890,Rua 100890,,
100891,CUSTOMER 100891,Rua 100891,,
100892,CUSTOMER 100892,Rua 100892,,
100893,CUSTOMER 100893,Rua 100893,,
100894,CUSTOMER 100894,Rua 100894,,
100895,CUSTOMER 100895,Rua 100895,,
100896,CUSTOMER 100896,Rua 100896,,
100897,CUSTOMER 100897,Rua 100897,,
100898,CUSTOMER 100898,Rua 100898,,
100899,CUSTOMER 100899,Rua 100899,,
100900,CUSTOMER 100900,Rua 100900,,
100901,CUSTOMER 100901,Rua 100901,,
100902,CUSTOMER 100902,Rua 100902,,
100903,CUSTOMER 100903,Rua 100903,,
100904,CUSTOMER 100904,Rua 100904,,
100905,CUSTOMER 100905,Rua 100905,,
100906,CUSTOMER 100906,Rua 100906,,
100907,CUSTOMER 100907,Rua 100907,,
100908,CUSTOMER 100908,Rua 100908,,
100909,CUSTOMER 100909,Rua 100909,,
100910,CUSTOMER 100910,Rua 100910,,
100911,CUSTOMER 100911,Rua 100911,,
100912,CUSTOMER 100912,Rua 100912,,
100913,CUSTOMER 100913,Rua 100913,,
100914,CUSTOMER 100914,Rua 100914,,
100915,CUSTOMER 100915,Rua 100915,,
100916,CUSTOMER 100916,Rua 100916,,
100917,CUSTOMER 100917,Rua 100917,,
100918,CUSTOMER 100918,Rua 100918,,
100919,CUSTOMER 100919,Rua 100919,,
100920,CUSTOMER 100920,Rua 100920,,
100921,CUSTOMER 100921,Rua 100921,,
100922,CUSTOMER 100922,Rua 100922,,
100923,CUSTOMER 100923,Rua 100923,,
100924,CUSTOMER 100924,Rua 100924,,
100925,CUSTOMER 100925,Rua 100925,,
100926,CUSTOMER 100926,Rua 100926,,
100927,CUSTOMER 100927,Rua 100927,,
100928,CUSTOMER 100928,Rua 100928,,
100929,CUSTOMER 100929,Rua 100929,,
100930,CUSTOMER 100930,Rua 100930,,
100931,CUSTOMER 100931,Rua 100931,,
100932,CUSTOMER 100932,Rua 100932,,
100933,CUSTOMER 100933,Rua 100933,,
100934,CUSTOMER 100934,Rua 100934,,
100935,CUSTOMER 100935,Rua 100935,,
100936,CUSTOMER 100936,Rua 100936,,
100937,CUSTOMER 100937,Rua 100937,,
100938,CUSTOMER 100938,Rua 100938,,
100939,CUSTOMER 100939,Rua 100939,,
100940,CUSTOMER 100940,Rua 100940,,
100941,CUSTOMER 100941,Rua 100941,,
100942,CUSTOMER 100942,Rua 100942,,
100943,CUSTOMER 100943,Rua 100943,,
100944,CUSTOMER 100944,Rua 100944,,
100945,CUSTOMER 100945,Rua 100945,,
100946,CUSTOMER 100946,Rua 100946,,
100947,CUSTOMER 100947,Rua 100947,,
100948,CUSTOMER 100948,Rua 100948,,
100949,CUSTOMER 100949,Rua 100949,,
100950,CUSTOMER 100950,Rua 100950,,
100951,CUSTOMER 100951,Rua 100951,,
100952,CUSTOMER 100952,Rua 100952,,
100953,CUSTOMER 100953,Rua 100953,,
100954,CUSTOMER 100954,Rua 100954,,
100955,CUSTOMER 100955,Rua 100955,,
100956,CUSTOMER 100956,Rua 100956,,
100957,CUSTOMER 100957,Rua 100957,,
100958,CUSTOMER 100958,Rua 100958,,
100959,CUSTOMER 100959,Rua 100959,,
100960,CUSTOMER 100960,Rua 100960,,
100961,CUSTOMER 100961,Rua 100961,,
100962,CUSTOMER 100962,Rua 100962,,
100963,CUSTOMER 100963,Rua 100963,,
100964,CUSTOMER 100964,Rua 100964,,
100965,CUSTOMER 100965,Rua 100965,,
100966,CUSTOMER 100966,Rua 100966,,
100967,CUSTOMER 100967,Rua 100967,,
100968,CUSTOMER 100968,Rua 100968,,
100969,CUSTOMER 100969,Rua 100969,,
100970,CUSTOMER 100970,Rua 100970,,
100971,CUSTOMER 100971,Rua 100971,,
100972,CUSTOMER 100972,Rua 100972,,
100973,CUSTOMER 100973,Rua 100973,,
100974,CUSTOMER 100974,Rua 100974,,
100975,CUSTOMER 100975,Rua 100975,,
100976,CUSTOMER 100976,Rua 100976,,
100977,CUSTOMER 100977,Rua 100977,,
100978,CUSTOMER 100978,Rua 100978,,
100979,CUSTOMER 100979,Rua 100979,,
100980,CUSTOMER 100980,Rua 100980,,
100981,CUSTOMER 100981,Rua 100981,,
100982,CUSTOMER 100982,Rua 100982,,
100983,CUSTOMER 100983,Rua 100983,,
100984,CUSTOMER 100984,Rua 100984,,
100985,CUSTOMER 100985,Rua 100985,,
100986,CUSTOMER 100986,Rua 100986,,
100987,CUSTOMER 100987,Rua 100987,,
100988,CUSTOMER 100988,Rua 100988,,
100989,CUSTOMER 100989,Rua 100989,,
100990,CUSTOMER 100990,Rua 100990,,
100991,CUSTOMER 100991,Rua 100991,,
100992,CUSTOMER 100992,Rua 100992,,
100993,CUSTOMER 100993,Rua 100993,,
100994,CUSTOMER 100994,Rua 100994,,
100995,CUSTOMER 100995,Rua 100995,,
100996,CUSTOMER 100996,Rua 100996,,
100997,CUSTOMER 100997,Rua 100997,,
100998,CUSTOMER 100998,Rua 100998,,
100999,CUSTOMER 100999,Rua 100999,,
101000,CUSTOMER 101000,Rua 101000,,
101001,CUSTOMER 101001,Rua 101001,,
101002,CUSTOMER 101002,Rua 101002,,
101003,CUSTOMER 101003,Rua 101003,,
101004,CUSTOMER 101004,Rua 101004,,
101005,CUSTOMER 101005,Rua 101005,,
101006,CUSTOMER 101006,Rua 101006,,
101007,CUSTOMER 101007,Rua 101007,,
101008,CUSTOMER 101008,Rua 101008,,
101009,CUSTOMER 101009,Rua 101009,,
101010,CUSTOMER 101010,Rua 101010,,
101011,CUSTOMER 101011,Rua 101011,,
101012,CUSTOMER 101012,Rua 101012,,
101013,CUSTOMER 101013,Rua 101013,,
101014,CUSTOMER 101014,Rua 101014,,
